url,error_type,error_message,timestamp
https://corporate.comcast.com/press/releases/xumo-introduces-advanced-identity-solution-smarter-streaming-investments,All Scrapers Failed,All scrapers failed,2026-02-11T10:25:51.605152
https://corporate.comcast.com/press/releases/nbcuniversals-peacock-first-streamer-integrate-dolby-full-suite-premium-picture-sound-innovations,All Scrapers Failed,All scrapers failed,2026-02-11T10:25:51.640029
https://corporate.comcast.com/press?page=3,All Scrapers Failed,All scrapers failed,2026-02-11T10:25:51.888677
https://corporate.comcast.com/press/releases/record-setting-season-sunday-night-football-nbc-peacock-23-million-viewers-1-show-15th-consecutive-year,All Scrapers Failed,All scrapers failed,2026-02-11T10:25:52.077558
https://corporate.comcast.com/press/releases/nbc-olympics-announces-82-commentators-coverage-milan-cortina-2026-olympic-winter-games,All Scrapers Failed,All scrapers failed,2026-02-11T10:25:52.462508
https://corporate.comcast.com/press/releases/nbcuniversal-rpa-freewheel-newton-research-agentic-ai-buying-across-linear-digital-premium-video,All Scrapers Failed,All scrapers failed,2026-02-11T10:25:52.765753
https://corporate.comcast.com/press/releases/celebrating-100-years-of-nbc-today-looks-back-at-a-century-of-broadcast,All Scrapers Failed,All scrapers failed,2026-02-11T10:25:52.821373
https://corporate.comcast.com/press/releases/peacock-adds-features-rinkside-live-courtside-live-nbc-sports-coverage-milan-cortina-2026-olympic-games-nba,All Scrapers Failed,All scrapers failed,2026-02-11T10:25:53.266447
https://corporate.comcast.com/press/releases/super-bowl-lx-milan-cortina-2026-olympic-winter-games-headline-legendary-february-nbc-peacock,All Scrapers Failed,All scrapers failed,2026-02-11T10:25:53.699963
https://news.xbox.com/en-us/2026/01/07/indie-selects-january-2026/,All Scrapers Failed,All scrapers failed,2026-02-11T10:25:57.688570
https://news.xbox.com/en-us/2026/01/05/code-vein-ii-preview/,All Scrapers Failed,All scrapers failed,2026-02-11T10:25:57.853091
https://news.xbox.com/en-us/2026/01/08/xbox-developer-direct-2026/,All Scrapers Failed,All scrapers failed,2026-02-11T10:25:58.476039
https://news.xbox.com/en-us/2026/01/06/xbox-game-pass-january-2026-wave-1/,All Scrapers Failed,All scrapers failed,2026-02-11T10:25:58.678496
https://news.xbox.com/en-us/2026/01/05/xbox-bring-cloud-gaming-select-hisense-homeos-powered-smart-tvs/,All Scrapers Failed,All scrapers failed,2026-02-11T10:25:59.073298
https://news.xbox.com/en-us/2026/01/09/next-week-on-xbox-new-games-for-january-12-to-16/,All Scrapers Failed,All scrapers failed,2026-02-11T10:25:59.286608
https://www.haleon.com/news/press-releases,All Scrapers Failed,All scrapers failed,2026-02-11T10:26:03.786386
https://www.haleon.com/news/press-releases/financial/2026/haleon-operating-model-evolution-2026,All Scrapers Failed,All scrapers failed,2026-02-11T10:26:05.867104
https://www.chevron.com/newsroom/media/publications/corporate-sustainability-highlights,All Scrapers Failed,All scrapers failed,2026-02-11T10:26:23.413322
https://www.broadcom.com/company/news/product-releases/63876,All Scrapers Failed,All scrapers failed,2026-02-11T10:26:46.821529
https://www.dell.com/en-us/dt/corporate/newsroom.htm,All Scrapers Failed,All scrapers failed,2026-02-11T10:26:47.227009
https://www.tiaa.org/public/about-tiaa/news-press/press-releases/2026/01-05,All Scrapers Failed,All scrapers failed,2026-02-11T10:27:59.639197
